Type,DateTime,thrL,thrA,thrB,thrC,yaaX,yaaA,yaaJ,talB,mog,satP,yaaW,yaaI,dnaK,dnaJ,insL1,mokC,hokC,sokC,nhaA,nhaR,insB1,insA,rpsT,yaaY,ribF,ileS,lspA,fkpB,ispH,rihC,dapB,carA,carB,caiF,caiE,caiD,caiC,caiB,caiA,caiT,fixA,fixB,fixC,fixX,yaaU,kefF,kefC,folA,apaH,apaG,rsmA,pdxA,surA,lptD,djlA,yabP,rluA,rapA,polB,araD,araA,araB,araC,yabI,thiQ,thiP,thiB,sgrR,sgrS,sgrT,setA,leuD,leuC,leuB,leuA,leuL,leuO,ilvI,ilvH,cra,mraZ,rsmH,ftsL,ftsI,murE,murF,mraY,murD,ftsW,murG,murC,ddlB,ftsQ,ftsA,ftsZ,lpxC,secM,secA,mutT,yacG,zapD,coaE,guaC,hofC,hofB,ppdD,nadC,ampD,ampE,aroP,pdhR,aceE,aceF,lpd,yacH,acnB,yacL,speD,speE,yacC,cueO,gcd,hpt,can,yadG,yadH,yadI,yadE,panD,yadD,panC,panB,yadC,yadK,yadL,yadM,htrE,yadV,yadN,folK,pcnB,gluQ,dksA,sfsA,ligT,hrpB,mrcB,fhuA,fhuC,fhuD,fhuB,hemL,clcA,erpA,yadS,btuF,mtn,dgt,degP,cdaR,yaeH,yaeI,dapD,glnD,map,tff,rpsB,tsf,pyrH,frr,dxr,ispU,cdsA,rseP,bamA,skp,lpxD,fabZ,lpxA,lpxB,rnhB,dnaE,accA,ldcC,yaeR,tilS,rof,yaeP,yaeQ,arfB,nlpE,yaeF,proS,tsaA,rcsF,metQ,metI,metN,gmhB,rrsH,ileV,alaV,rrlH,rrfH,aspU,dkgB,yafC,yafD,yafE,mltD,gloB,yafS,rnhA,dnaQ,aspV,yafT,ykfM,yafU,yafF,yafV,ivy,fadE,gmhA,yafJ,yafK,yafQ,dinJ,yafL,rayT,lfhA,lafU,dinB,yafN,yafO,yafP,ykfJ,prfH,pepD,gpt,frsA,crl,phoE,proB,proA,thrW,ykfN,ykfI,yafW,ykfH,ykfG,yafX,ykfF,ykfB,yafY,ykfL,ykfK,yafZ,ykfA,perR,insN,insI1,eyeA,ykfC,insH1,mmuP,mmuM,afuC,afuB,insX,yagB,yagA,yagE,yagF,yagG,yagH,yagI,argF,ykgS,yagJ,yagK,yagL,yagM,yagN,intF,ptwF,yagP,ykgT,paoD,paoC,paoB,paoA,yagU,ykgJ,ecpE,ecpD,ecpC,ecpB,ecpA,ecpR,ykgL,ykgO,ykgM,ykgR,ykgP,eaeH,insE1,insF1,ykgA,ykgQ,rclC,rclB,rclA,rclR,ykgE,ykgF,ykgG,ykgH,betA,betB,betI,betT,yahA,yahB,yahC,yahD,yahE,yahF,yahG,yahI,yahJ,yahK,yahL,yahM,yahN,yahO,prpR,prpB,prpC,prpD,prpE,codB,codA,cynR,cynT,cynS,cynX,lacA,lacY,lacZ,lacI,mhpR,mhpA,mhpB,mhpC,mhpD,mhpF,mhpE,mhpT,yaiL,frmB,frmA,frmR,yaiO,yaiX,insC1,insD1,yaiP,yaiS,tauA,tauB,tauC,tauD,hemB,yaiT,yaiV,ampH,sbmA,yaiW,yaiY,yaiZ,ddlA,iraP,phoA,psiF,yaiC,proC,yaiI,aroL,yaiA,aroM,yaiE,ykiA,rdgC,mak,araJ,sbcC,sbcD,phoB,phoR,brnQ,proY,malZ,acpH,queA,tgt,yajC,secD,secF,yajD,tsx,yajI,nrdR,ribD,ribE,nusB,thiL,pgpA,yajO,dxs,ispA,xseB,thiI,yajL,panE,yajQ,yajR,cyoE,cyoD,cyoC,cyoB,cyoA,ampG,yajG,bolA,tig,clpP,clpX,lon,hupB,ppiD,ybaV,fadM,queC,ybaE,cof,ybaO,mdlA,mdlB,glnK,amtB,tesB,ybaY
POV_2,2019-01-04 00:30:00,335,9698,2970,3426,89,169,45,2683,104,39,6,5,6208,993,0,0,0,0,170,116,71,41,1636,3,523,4190,382,334,420,49,634,1125,2732,23,7,7,35,42,24,3,3,4,20,1,13,37,99,85,166,143,399,474,1285,2113,106,133,72,383,108,9,12,7,107,103,84,221,337,114,1,0,119,2048,4296,2780,3301,84,7,2231,743,447,194,416,107,491,723,689,298,522,345,306,619,335,382,776,2605,2896,290,1861,55,83,240,120,806,23,22,2,268,68,184,2404,315,7684,4447,6495,35,6482,106,672,651,68,1068,1535,268,1491,196,163,28,57,405,56,993,549,12,4,11,4,17,4,1,89,900,64,1400,248,42,210,465,2704,401,210,377,973,209,311,64,77,469,238,714,37,344,63,2357,536,791,304,6047,3623,588,1601,281,418,378,848,3260,1647,1836,580,860,348,136,590,885,182,69,176,125,89,64,50,147,19,1686,121,187,2337,378,395,192,4035,0,9,49884,0,22,78,81,328,53,886,142,76,76,156,13,5,6,5,11,98,272,160,404,393,392,105,75,18,20,16,1,42,18,27,10,2,26,1833,134,204,32,6,734,852,13,7,27,13,3,12,33,18,290,29,6,0,27,52,22,51,4,7,90,6,99,144,27,6,26,30,8,14,39,16,74,132,488,0,31,15,6,8,102,157,2,15,0,28,35,14,13,791,21,21,44,10,7,37,4,43,159,199,0,5,7,0,0,29,1,9,0,43,30,10,48,30,3,179,276,93,132,50,33,7,19,7,14,20,12,94,335,2,4,4,180,32,7,7,12,20,438,725,28,11,9,24,9,10,27,120,78,10,7,22,15,14,16,29,112,223,759,136,15,4,0,2,10,3,14,10,11,24,423,55,7,138,98,139,5,16,205,98,187,41,29,177,54,413,177,63,314,13,216,146,71,230,64,126,114,240,155,135,58,119,461,669,1439,596,61,527,18,142,452,466,567,214,208,303,521,334,108,239,144,167,529,75,2281,842,1590,5377,3053,258,224,451,4481,1138,2610,2603,2289,1324,19,15,168,22,64,29,69,53,25,217,116,368
POV_2,2019-01-04 12:00:00,392,16943,5537,6467,156,286,97,3867,169,159,19,6,9338,1493,0,0,0,0,315,202,122,51,2898,15,1021,8209,775,654,802,104,1499,4699,10898,106,30,11,84,57,89,9,1,6,10,2,14,38,144,158,379,353,899,813,2159,3884,184,260,162,721,205,8,51,11,258,145,172,290,571,200,1,0,273,4308,8949,5649,5801,77,31,3025,1115,1032,392,707,230,714,1273,1329,540,999,608,608,1181,766,635,1467,4692,5683,555,3050,83,138,448,204,1268,47,50,3,327,90,378,4176,675,22053,12621,12727,65,11377,162,1897,1778,104,593,1852,472,1744,418,317,97,145,930,89,1946,1211,25,8,18,5,27,4,4,201,1734,107,1814,353,75,315,853,6918,886,499,796,1375,275,421,114,192,774,324,1190,95,486,105,3975,1064,1386,286,12704,6343,1310,3112,488,738,574,1420,6155,2792,4120,1143,1775,826,270,1323,1785,276,86,378,218,89,103,117,187,35,3503,258,291,5322,862,1076,303,3966,0,19,58936,0,66,114,132,655,112,2350,263,218,144,285,26,19,4,0,7,130,469,153,671,730,719,225,107,12,48,33,12,91,21,27,38,4,60,2863,324,434,63,12,1546,1745,17,5,30,13,4,18,70,45,259,29,1,1,25,79,40,96,2,18,116,14,152,208,35,6,72,54,11,22,79,37,127,489,2463,3,25,53,11,6,179,413,1,19,0,31,66,36,8,1621,83,39,69,65,12,85,3,4,7,11,0,0,1,0,0,30,0,12,1,61,22,15,43,32,11,224,380,134,159,171,50,5,24,7,16,41,15,141,543,1,9,18,270,22,8,7,7,20,2137,3318,55,32,21,27,15,16,50,195,91,9,9,20,12,40,40,37,205,197,582,100,17,9,0,7,9,2,22,17,18,65,841,135,6,235,138,228,16,32,577,201,286,69,45,419,98,746,362,126,274,42,401,226,110,436,150,126,119,675,328,226,88,240,749,1082,3015,1357,100,1932,24,294,810,662,953,450,359,447,1265,702,136,568,255,287,1087,154,3655,1425,2848,9942,5779,420,313,478,8137,1739,3957,3497,4094,2316,29,20,254,72,81,33,117,109,15,201,232,443
BENZ_3,2019-01-04 00:30:00,483,10893,3558,3857,97,173,38,3141,101,48,6,6,10751,1775,0,0,0,3,232,159,106,58,2015,16,771,5595,530,468,583,58,1077,1771,4879,32,12,6,33,35,32,4,6,5,18,2,12,24,117,129,261,182,605,731,1932,3060,177,147,91,482,114,3,26,12,107,180,144,297,447,161,0,0,194,2351,4936,3415,3692,129,19,3104,1083,604,329,576,171,716,1064,1032,434,707,538,550,861,454,454,1050,3182,4072,649,5178,78,93,316,158,963,36,45,1,320,117,311,3666,391,12192,7452,8637,45,8854,132,894,850,132,1428,1258,334,1944,301,230,58,107,622,93,1309,823,17,7,4,5,12,2,1,137,1361,86,1601,325,41,273,713,3355,523,365,505,1834,383,502,105,153,566,286,2800,62,390,99,3330,781,1017,308,7745,4164,700,2143,363,584,466,1169,5258,1851,2327,692,1018,553,230,926,1195,177,66,253,162,107,82,88,174,43,2327,259,235,2841,430,395,206,5739,0,18,56232,0,50,71,83,522,110,1238,102,118,112,164,28,12,0,1,5,136,440,187,572,538,594,105,90,8,26,26,12,57,29,29,13,0,52,2216,197,283,39,3,1023,1202,35,1,28,6,7,2,43,28,247,24,2,1,15,39,21,76,4,7,89,3,65,100,21,3,30,38,6,7,52,17,73,202,666,2,31,20,5,8,130,181,3,16,0,18,32,11,9,263,19,21,36,32,17,83,4,179,517,754,5,0,1,0,0,25,3,3,1,21,15,9,35,21,6,242,412,134,160,41,45,3,2,2,8,30,11,108,221,5,3,4,65,21,6,2,7,26,698,1263,39,9,13,19,13,9,25,182,74,3,7,14,11,23,24,26,132,137,480,90,11,1,0,4,8,2,7,13,12,35,630,60,5,168,154,176,23,20,269,116,203,38,21,211,89,594,269,74,381,34,218,121,89,310,96,128,145,320,196,166,75,223,631,827,2077,853,76,518,16,200,593,655,681,264,301,308,746,506,127,411,266,185,556,150,3567,1212,2446,8664,4776,428,390,420,6051,1560,3848,4078,2149,1926,32,24,257,40,84,51,175,124,43,345,144,364
BENZ_3,2019-01-04 12:00:00,711,17805,5499,6751,152,288,61,4780,171,92,18,12,9895,1580,0,0,0,1,326,163,105,63,4503,6,936,6735,649,458,719,101,1622,5356,12522,133,36,9,66,50,56,25,12,13,27,1,19,45,166,265,292,279,806,828,2100,3785,176,227,132,668,152,7,40,33,230,148,158,411,786,156,1,0,209,2989,6481,4166,4419,175,34,3270,1158,710,479,749,232,822,1189,1204,513,891,599,592,987,704,613,1349,4024,5039,636,3582,91,125,402,208,1716,44,29,4,390,106,305,3769,406,14742,8574,13939,60,18108,163,1978,1710,82,488,1791,574,2689,397,248,59,80,1167,81,1836,1236,31,15,16,13,38,8,9,192,1921,144,2124,368,85,334,818,5352,665,371,630,1558,306,740,126,186,846,329,1465,59,500,66,4448,903,1446,567,13723,7183,1401,3372,398,899,553,1553,6048,2625,3965,1058,1613,792,257,1336,1822,220,94,370,233,148,100,83,193,32,3608,248,298,4044,619,1099,258,1947,0,36,40925,0,110,160,116,468,64,2782,191,148,137,340,40,23,19,6,9,132,906,371,732,579,629,153,133,19,40,31,7,94,24,26,23,2,29,2327,377,329,58,18,1140,1375,42,4,28,10,7,10,83,34,217,33,0,0,35,72,51,79,3,17,106,6,189,185,45,1,61,79,12,20,61,30,113,424,1917,3,35,41,22,16,181,410,4,13,0,35,76,40,22,1013,51,41,65,57,10,57,26,18,13,13,1,4,7,0,0,29,3,17,5,59,33,15,71,54,9,300,492,203,270,94,57,6,22,13,13,31,13,141,445,4,11,17,240,49,4,11,11,32,1875,2890,61,26,31,25,18,21,37,263,190,15,15,27,19,26,36,42,214,186,510,107,20,10,0,4,26,5,15,20,16,39,859,121,14,268,114,158,25,32,407,294,272,79,30,442,89,651,262,78,315,49,495,187,130,413,155,137,113,428,291,281,106,266,1006,1283,2863,1335,95,1672,31,333,780,806,1007,444,302,382,1129,704,181,634,220,290,1212,171,5822,2221,4182,14624,8248,459,451,547,9652,1775,3982,3658,3584,2386,32,24,272,59,93,52,114,100,33,243,198,529
CONTROL_2,2019-01-04 00:30:00,313,8218,2527,2916,77,176,37,3095,102,52,4,5,2986,558,0,0,0,4,147,88,73,28,1784,19,650,4950,454,371,450,75,755,6775,17370,108,28,2,63,31,25,2,2,3,10,4,11,35,95,121,245,214,555,656,1418,2603,115,131,72,367,116,1,21,10,100,99,115,368,434,126,0,0,122,1232,2948,2012,2324,79,7,2390,817,530,185,406,115,443,670,798,355,550,367,368,698,373,313,740,2677,3082,345,2090,68,91,240,100,1104,29,29,4,257,80,282,3008,689,12119,6852,9957,54,9930,87,1411,1366,58,327,1533,303,1407,209,168,46,61,427,71,1117,846,8,3,1,3,10,3,0,142,1413,61,1137,174,47,248,544,2955,499,268,436,1062,196,332,59,124,556,226,763,37,278,71,2263,821,1111,498,9606,5155,1203,2073,269,567,459,826,4409,2042,2194,591,857,417,164,777,1000,155,60,210,105,76,84,49,144,30,2420,183,236,3844,536,593,203,5950,0,16,63141,0,21,70,60,325,75,1051,115,101,95,146,16,6,0,2,8,88,244,157,514,429,359,159,112,9,26,29,6,55,15,18,13,0,36,1724,231,233,40,2,746,726,17,3,16,4,2,9,53,32,202,14,4,7,20,39,30,58,3,11,88,5,140,142,32,4,49,39,2,20,45,18,85,492,2974,1,19,13,10,8,108,151,1,11,0,16,44,7,11,913,44,11,52,23,12,52,1,4,4,5,0,0,1,0,0,25,0,3,0,28,7,2,30,21,1,193,260,100,98,61,48,2,14,3,12,12,4,90,226,0,1,5,98,21,2,3,9,12,2639,3780,35,8,13,11,8,7,27,160,101,3,4,10,20,13,19,26,142,118,332,45,14,6,0,3,1,1,17,11,10,31,485,47,7,146,104,139,18,35,230,120,180,21,17,184,79,590,270,57,261,24,258,117,54,300,112,64,57,272,124,162,69,209,528,596,1564,699,91,994,8,171,575,584,670,233,229,245,766,471,138,367,174,184,573,94,3553,1431,2538,9861,5342,344,339,309,6496,1190,2390,1824,2419,1371,18,18,189,49,59,30,77,76,49,327,131,265
CONTROL_2,2019-01-04 12:00:00,460,13114,4227,4834,131,200,48,4288,95,77,9,17,7096,1125,0,0,0,0,202,105,110,65,2884,17,902,5498,527,456,533,67,864,2654,6032,47,21,7,55,60,65,19,7,12,30,3,22,47,134,115,299,261,683,817,1922,3551,126,289,111,518,168,10,36,11,108,168,134,287,481,133,2,0,155,2553,5041,3474,4696,118,24,2540,955,528,401,548,186,960,1184,1172,474,649,601,596,950,548,625,1226,3310,4225,741,2360,70,118,340,212,1010,50,45,6,281,95,287,2771,742,11735,6268,11918,62,11434,163,1551,1210,169,290,2205,339,2413,359,180,66,104,712,62,1187,723,31,13,18,15,19,3,6,168,1488,113,1278,336,57,263,651,3969,595,321,606,1101,253,380,79,198,617,243,923,49,446,58,3265,877,1179,951,10321,4266,996,2155,313,640,450,1210,5325,1949,3406,943,1341,623,257,1183,1252,219,67,347,145,99,99,69,145,38,2674,197,332,3642,599,703,227,2554,0,28,37575,0,75,134,93,475,108,1888,189,135,117,191,44,18,10,6,11,118,446,278,507,528,572,194,119,24,34,30,7,95,23,42,23,0,46,2106,177,252,79,14,925,973,56,2,23,9,4,18,70,31,355,40,5,2,21,77,41,88,4,23,84,3,120,171,32,7,65,36,13,11,60,27,115,218,904,3,23,33,14,10,219,318,6,18,0,19,59,12,11,1039,48,22,64,55,17,63,10,4,7,11,5,1,12,0,0,35,4,18,2,45,19,17,41,30,6,308,415,197,174,143,78,6,11,3,21,18,13,117,337,8,10,16,142,22,14,9,14,19,850,1596,51,24,9,16,12,14,52,238,181,23,10,18,19,33,37,25,132,167,454,94,11,7,0,6,13,6,20,24,12,23,532,114,22,226,136,151,25,23,318,199,247,55,35,216,69,836,380,86,292,40,251,133,87,374,146,112,92,347,230,189,82,237,830,918,2130,1072,80,995,18,230,625,672,770,261,318,335,1053,646,162,389,184,219,807,126,3179,1023,2059,8246,5107,424,488,434,6183,1387,3063,2976,2428,1855,20,31,211,68,72,53,115,109,24,146,169,404
BENZ_2,2019-01-04 00:30:00,444,10189,3333,3837,101,174,53,3026,113,57,14,1,8535,1479,0,0,0,1,203,131,104,60,1832,6,718,5036,519,423,565,47,921,1247,3258,24,19,9,21,38,35,1,3,2,20,3,10,24,90,94,249,181,495,685,1765,2648,107,167,79,380,120,6,23,9,90,148,117,289,410,151,0,0,140,2217,4672,2975,3228,126,18,2722,977,593,234,531,191,717,1073,956,475,766,548,521,853,409,439,912,2717,3621,587,4714,87,85,282,127,893,31,35,5,307,118,257,3225,407,10350,6467,6895,46,6987,117,743,679,160,1253,1174,332,1758,257,225,50,106,524,70,1193,693,7,2,4,2,15,2,5,140,1111,91,1467,335,44,230,594,3054,476,314,541,1673,399,473,83,143,510,295,2251,54,345,84,2989,732,954,272,6709,3709,618,1713,353,542,443,1031,4411,1688,2099,605,815,466,250,822,970,166,62,219,153,114,103,102,141,48,1996,181,258,2677,389,315,193,4990,0,7,64899,0,29,77,76,447,116,1086,103,97,108,147,22,14,0,0,7,105,495,166,508,503,503,117,89,13,19,26,2,53,21,32,18,2,40,1854,139,198,36,8,879,988,26,2,10,13,1,8,42,14,225,15,1,1,17,59,15,69,3,7,46,5,79,122,19,6,21,33,1,7,34,17,79,160,514,2,32,23,6,7,165,160,5,16,0,18,40,17,13,240,25,15,39,40,13,82,8,171,536,703,2,0,1,0,0,40,2,7,0,17,21,7,39,16,0,202,311,129,130,40,62,0,9,5,8,18,5,89,231,2,1,5,82,23,2,6,7,12,446,880,52,9,8,14,2,6,25,143,70,7,9,12,9,16,30,24,98,178,453,79,12,1,0,3,5,1,8,5,11,38,560,56,9,174,154,139,16,21,217,101,241,54,16,175,99,580,268,73,374,33,214,106,70,280,106,108,155,300,201,152,70,203,563,679,1786,783,93,402,19,151,574,563,565,257,267,236,743,474,111,307,157,154,515,154,3079,1070,2010,7115,3957,389,353,350,5231,1292,3280,3440,1902,1778,22,20,271,43,87,47,118,118,38,312,112,300
BENZ_2,2019-01-04 12:00:00,838,13186,4024,4357,98,267,107,4179,138,85,30,11,4645,857,0,0,0,2,297,226,123,73,2372,17,994,7164,612,538,656,54,1072,565,1347,25,12,7,55,43,44,12,13,9,17,1,14,49,221,107,347,286,758,722,2128,3965,204,247,113,585,202,12,38,24,205,136,137,372,648,199,3,0,263,3864,8030,4881,7044,228,40,3495,1310,685,477,826,240,1032,1388,1399,602,1124,691,688,1189,828,668,1661,5328,5539,502,3000,72,115,430,223,1592,39,59,2,377,133,394,4327,365,18177,10495,10935,67,8072,186,862,828,84,327,3703,432,3763,358,297,74,119,1064,117,1856,1040,17,14,16,7,25,5,2,141,1350,95,2384,552,60,305,825,4003,504,312,492,1812,508,650,88,145,839,379,1660,67,873,60,3891,998,1226,462,8730,4989,776,2869,427,660,431,1315,6397,3158,3864,1002,1533,766,165,1104,1332,433,125,370,285,198,96,93,256,33,3025,214,329,1913,250,366,296,2314,0,13,50199,0,46,197,149,637,87,1800,289,169,150,290,34,12,10,0,8,186,1127,323,786,651,845,167,138,17,37,35,8,96,29,29,13,0,39,3335,198,362,66,10,1429,1593,41,0,15,12,1,9,63,37,118,24,4,1,44,86,39,84,5,20,144,5,62,161,30,13,54,90,29,14,48,60,113,162,155,3,35,47,24,15,209,351,0,20,0,30,98,35,15,1852,46,26,85,61,16,110,6,1111,5513,9276,18,2,8,0,0,53,2,8,3,123,31,14,69,51,7,374,658,230,269,82,57,10,23,7,18,54,13,155,1020,4,8,7,648,75,10,7,9,45,217,531,66,30,26,29,26,16,35,278,194,17,17,18,23,30,36,32,148,127,586,114,20,14,0,4,17,3,12,10,11,38,778,121,6,251,158,236,26,28,534,312,344,104,32,255,77,636,295,89,396,40,367,233,137,385,179,138,115,434,271,300,96,166,514,1063,2225,979,90,542,27,330,839,712,890,434,346,796,814,566,155,348,348,381,1131,134,4127,1556,2814,9484,5573,282,294,918,6893,2120,4677,3299,3854,2651,15,24,309,67,94,51,179,135,1,119,253,868
POV_1,2019-01-04 00:30:00,358,10891,3411,3956,123,155,50,3047,115,41,9,4,6741,1119,0,0,0,1,174,113,94,35,2011,13,677,4806,450,416,495,55,722,1356,3378,33,17,2,37,40,29,3,5,2,15,2,15,31,87,120,251,180,512,577,1534,2535,135,145,106,444,107,6,24,12,94,131,92,242,373,122,0,0,152,2166,4594,2997,3523,113,12,2496,877,534,210,542,125,518,790,806,336,575,397,438,736,384,360,818,2775,3419,329,2218,54,78,263,115,921,29,21,5,254,94,223,2697,368,8332,4878,7499,40,8197,112,805,746,112,1165,2054,316,1796,256,148,42,86,546,44,1090,620,18,2,9,7,18,3,2,111,1054,100,1502,326,38,214,528,2995,479,277,401,1088,242,393,65,111,543,227,827,68,372,61,2483,567,876,279,7065,4080,684,1798,328,533,407,916,3994,1977,2204,671,995,457,200,863,1081,199,64,213,141,65,81,59,136,33,2073,178,206,2847,459,452,227,4751,0,15,50375,0,22,79,75,380,83,1044,138,111,88,153,22,8,3,0,4,136,292,179,493,421,543,100,97,8,35,32,5,58,17,23,12,2,40,1801,198,208,34,7,838,1023,21,2,21,10,4,9,51,35,370,25,4,0,21,70,22,62,4,16,85,6,123,212,36,3,30,25,10,16,64,23,81,192,647,0,31,24,8,2,94,159,2,14,0,29,45,29,14,891,32,17,35,23,15,42,6,61,169,236,3,0,2,0,0,19,0,4,7,44,16,3,35,30,1,227,335,106,117,63,50,9,18,2,12,19,12,92,400,2,6,11,174,33,4,6,5,16,439,831,49,11,14,26,5,9,25,165,106,8,7,16,16,28,22,22,134,278,1105,203,16,4,0,6,12,2,23,11,9,39,422,70,5,141,118,140,12,23,232,99,199,50,27,185,76,510,210,83,349,26,247,141,63,248,83,152,146,262,191,209,68,242,512,625,1699,702,61,661,12,177,519,524,621,263,209,377,619,419,90,293,162,172,508,106,2569,927,1757,6004,3348,322,296,431,5002,1232,3043,3118,2486,1472,17,22,238,40,89,32,76,71,38,319,125,443
POV_1,2019-01-04 12:00:00,303,14665,4397,4807,87,228,80,3431,128,77,17,13,7798,1136,0,0,0,2,406,231,117,43,1591,14,724,5804,508,433,486,86,1251,1410,3431,44,16,26,99,82,59,48,20,15,23,3,30,49,193,84,335,291,647,679,1795,3238,120,236,127,523,175,31,37,41,155,110,108,352,607,176,1,0,286,4346,9963,6012,9031,103,46,2294,881,572,291,507,166,609,851,1085,412,860,495,499,883,612,487,1140,3875,4343,440,2869,43,111,357,139,804,32,48,4,293,101,305,3306,547,19775,11671,8500,76,3874,150,1103,1096,73,553,1324,283,1798,358,232,86,88,678,121,1625,1169,62,36,18,15,62,16,3,148,1269,95,1750,387,64,297,627,3875,435,229,441,1114,379,419,89,162,653,309,1199,63,637,87,2905,938,1033,230,7877,4207,799,2014,344,476,416,1003,4867,2167,3019,779,1133,516,177,912,975,383,109,304,203,105,77,70,187,45,2709,178,261,5926,1036,1703,249,4005,0,11,50137,0,54,156,154,614,68,1002,237,150,94,273,15,24,26,25,20,136,593,106,605,542,579,155,98,16,59,40,19,86,24,30,38,5,45,2470,215,379,50,27,1108,1248,24,5,31,20,2,13,62,40,100,22,1,6,56,70,51,104,12,18,147,10,339,388,54,16,50,56,33,14,105,48,142,269,1291,9,56,37,26,24,171,314,12,12,0,49,76,39,28,2115,74,35,75,67,15,59,22,825,4983,6180,14,9,25,0,0,30,6,22,10,138,30,33,64,69,28,176,318,115,168,103,55,24,29,23,27,44,21,162,785,22,14,35,477,59,12,17,20,51,538,821,58,19,29,30,24,32,53,171,62,16,5,30,12,24,24,66,140,138,423,94,33,16,0,6,21,5,37,34,27,50,665,170,37,235,136,215,16,29,613,270,267,82,55,226,71,677,290,71,223,49,313,209,123,391,124,95,101,631,309,268,87,154,482,642,1658,785,78,665,45,215,625,517,679,408,307,588,749,447,118,353,251,293,937,102,1495,571,1210,4833,2873,238,213,625,4755,1426,3407,2690,2605,1900,24,33,212,68,98,38,113,103,14,116,223,480
PHE_1,2019-01-04 00:30:00,243,9519,3427,4243,124,103,37,2449,117,45,9,3,4852,947,0,0,0,0,105,78,75,19,1891,3,458,3426,376,395,456,56,677,2365,6297,52,13,2,40,31,36,6,5,3,11,0,7,12,86,101,190,149,543,553,1226,1840,110,115,91,350,87,2,18,10,70,70,69,194,211,79,1,0,102,781,1570,1169,1046,52,13,1467,519,408,144,333,99,417,546,520,289,437,378,329,574,277,310,613,1504,2620,310,1463,53,63,220,112,514,26,18,1,181,50,219,2238,335,6371,4536,6059,42,9784,61,711,660,91,155,786,294,1001,188,170,44,80,378,33,722,546,12,3,2,7,8,2,1,101,1025,65,718,116,37,153,434,1720,254,218,388,615,131,303,78,122,402,122,541,40,122,64,1801,446,778,294,7405,3701,723,1511,243,482,299,661,2938,1273,1700,481,754,386,175,764,798,77,34,202,62,28,67,43,89,31,1929,147,181,1813,188,161,132,4090,0,5,81544,0,32,51,46,228,65,1010,65,76,85,115,22,7,3,2,5,60,101,88,293,368,399,110,48,4,15,20,7,39,22,15,12,2,30,1069,189,175,29,2,505,627,7,1,14,6,1,3,33,22,147,8,0,0,18,42,13,52,2,6,39,1,49,103,22,4,27,19,6,12,41,9,51,146,584,0,16,14,2,4,75,122,2,7,0,13,35,12,2,408,22,10,29,29,3,23,6,5,4,12,0,0,1,0,1,15,0,8,2,7,9,4,14,29,6,114,204,73,119,51,30,2,11,6,11,20,7,60,89,2,3,10,23,7,3,5,6,15,881,1739,28,11,9,19,7,8,12,96,46,7,4,5,8,14,16,19,91,141,282,51,10,5,0,2,8,4,18,7,18,25,404,46,6,115,86,111,16,9,159,80,144,28,29,219,66,535,249,89,124,22,166,88,43,226,73,43,58,203,158,132,43,279,567,570,1624,820,54,878,6,125,399,461,677,225,183,148,735,435,98,363,90,132,402,157,3740,1349,2459,8543,4357,419,319,118,4550,676,1883,1987,1443,1063,22,16,155,32,46,30,97,58,18,148,88,122
PHE_1,2019-01-04 12:00:00,354,14483,4284,4756,104,189,59,3448,133,73,8,12,7637,1108,0,0,0,3,314,179,96,38,1788,15,803,5488,470,342,590,66,739,1797,4263,59,13,4,74,47,68,10,7,5,8,2,5,28,154,95,293,237,573,606,1642,2994,156,161,94,524,160,7,31,12,150,130,89,255,490,112,0,0,212,2028,4764,3144,4276,71,19,2382,843,584,307,527,150,571,858,839,323,744,456,453,821,581,504,1121,3803,4822,401,1843,32,115,335,169,1029,30,31,2,280,93,325,2513,489,16648,9389,7910,69,5575,125,966,904,68,232,1510,320,1595,344,266,77,92,718,85,1671,1113,25,4,7,10,25,1,2,123,1302,81,1554,281,55,267,613,3597,509,251,410,1143,355,443,71,117,603,281,1084,38,518,51,2562,764,1053,313,7729,3997,820,2115,313,499,309,891,4207,2108,2715,794,1125,569,165,861,1144,281,88,267,189,124,68,54,167,21,2492,184,240,3035,451,813,229,3775,0,11,40468,0,24,109,109,590,81,1122,183,144,117,274,17,10,0,3,9,126,498,120,615,550,590,113,107,10,23,21,4,80,16,25,12,1,37,2472,295,346,37,2,1115,1218,30,1,14,15,6,12,48,20,111,21,1,0,33,59,30,81,5,13,94,12,70,103,20,1,72,48,6,10,31,26,82,232,1052,0,24,23,7,4,145,323,4,22,0,23,69,27,17,1196,49,26,57,37,6,51,2,8,2,3,0,1,3,0,1,36,0,6,3,68,16,20,46,39,1,188,311,102,117,32,43,2,22,7,9,33,12,126,547,2,8,12,267,20,6,12,7,26,736,1089,57,14,15,13,18,16,27,174,82,1,6,8,9,21,28,23,154,294,1102,207,24,2,0,4,11,2,29,18,12,40,899,91,9,208,90,175,16,30,385,256,233,68,29,246,79,410,158,60,233,32,303,197,96,299,145,113,93,551,230,195,73,179,424,742,1792,757,80,1093,31,243,647,591,680,335,322,418,714,505,127,348,258,269,913,110,3678,1397,2443,7978,4254,291,226,501,5012,1376,3186,2665,3060,1889,31,21,225,55,77,51,106,75,3,69,209,395
POV_3,2019-01-04 00:30:00,366,12836,3984,4621,118,189,49,3381,123,69,3,7,7714,1374,0,0,0,1,214,137,98,34,1772,5,767,5614,496,447,577,59,781,1485,3681,23,13,7,29,28,29,1,0,6,13,6,15,29,131,99,271,209,615,728,1783,2916,166,181,110,499,124,3,23,14,87,124,138,332,379,142,0,0,179,2557,5327,3501,4062,87,17,2832,983,597,236,470,156,673,1013,911,500,719,438,455,941,480,444,1003,3118,3932,384,2508,67,84,293,129,989,24,36,1,256,108,264,3114,465,9160,5569,8628,49,9183,123,877,813,82,1612,2287,311,1950,295,199,48,107,455,75,1233,699,14,5,10,11,9,2,0,136,1272,82,1552,320,64,230,644,3503,543,352,589,1154,250,362,101,154,597,256,912,54,349,91,2765,729,1047,270,7977,4521,740,1797,342,586,511,1075,4716,2125,2620,699,1186,589,248,879,1131,248,69,256,202,85,86,73,145,34,2330,176,203,3239,500,492,219,5722,0,12,57206,0,36,89,89,482,107,1134,131,101,91,145,10,10,3,3,9,118,292,233,537,526,482,138,64,18,36,19,7,59,25,25,18,1,53,2133,144,232,31,6,1015,1149,15,4,13,4,4,16,34,29,385,21,2,0,10,50,21,79,4,12,72,3,143,178,37,8,30,46,2,10,31,17,79,157,552,0,23,27,10,4,140,183,2,19,0,39,62,20,16,1009,30,19,50,31,11,50,7,164,581,678,8,0,1,0,0,24,1,10,3,41,19,7,32,33,1,252,418,125,152,60,51,1,15,4,5,29,11,115,456,2,2,6,141,38,4,3,8,17,514,943,42,14,15,18,7,10,25,164,112,7,11,12,15,20,33,24,118,282,992,163,14,3,0,2,9,1,13,22,10,39,453,64,5,171,132,155,14,11,276,97,221,40,25,218,97,548,249,110,327,41,232,161,72,311,104,147,156,289,177,174,84,264,568,715,1915,782,79,620,18,172,547,592,729,279,303,391,822,523,88,350,189,194,607,121,2940,1030,1873,7070,3694,406,345,503,5863,1350,3559,3484,2630,1795,24,22,213,34,83,15,101,112,37,307,128,466
POV_3,2019-01-04 12:00:00,199,14471,4401,4721,104,191,68,2831,112,62,12,2,6880,911,0,0,0,2,301,183,75,51,1632,20,661,5328,494,395,478,52,1068,1376,3546,32,10,9,49,49,43,19,3,11,13,2,18,46,159,91,280,239,608,548,1583,2598,110,181,123,472,170,8,41,15,129,125,91,251,432,114,2,0,193,3423,7441,4649,6098,64,35,2075,800,439,234,450,165,513,882,984,383,746,442,477,846,593,544,1026,3541,4394,355,2515,63,71,284,119,737,25,45,1,234,87,260,2578,545,17858,10462,7806,32,3500,116,891,875,62,469,964,260,1435,247,203,67,88,589,75,1473,951,18,10,10,9,29,3,1,90,1071,81,1481,305,26,260,598,3251,487,272,504,949,358,430,78,103,517,219,1055,48,546,62,2550,714,999,177,7630,3905,687,1782,331,384,327,882,4383,2195,2867,709,1118,497,134,853,904,236,62,243,150,72,65,82,154,26,2228,142,189,5193,912,1351,240,2836,0,13,47271,0,59,100,124,465,77,987,195,113,83,222,19,2,11,2,13,132,478,66,527,457,438,110,85,14,31,20,9,84,7,22,13,0,40,2189,193,375,52,3,919,1091,20,4,24,10,6,13,44,43,98,14,1,1,24,61,35,68,5,10,78,12,239,303,47,18,41,40,7,8,52,33,88,260,1248,0,34,25,5,10,103,253,2,14,0,25,57,20,9,1781,67,24,40,52,7,52,11,669,4234,4636,10,3,10,0,0,29,2,12,6,66,10,8,41,40,1,159,261,67,130,96,49,7,26,5,17,34,16,103,530,0,11,7,317,27,9,8,4,28,477,819,46,18,19,34,24,12,34,124,43,11,5,10,6,7,14,43,114,96,390,56,17,10,0,6,4,5,25,26,19,38,634,84,9,136,103,132,12,30,447,197,180,59,26,156,72,427,178,61,216,31,231,150,80,275,109,93,87,595,232,198,57,111,440,659,1597,796,51,576,15,235,639,542,546,295,303,502,627,332,109,299,222,259,895,111,1334,559,1065,3766,2267,197,174,506,4658,1355,3176,2570,2549,1625,18,16,192,64,63,34,110,95,5,109,152,351
PHE_2,2019-01-04 00:30:00,170,4424,1630,2256,49,63,25,1460,45,20,2,3,3444,558,0,0,0,0,71,31,34,10,852,1,322,1978,184,224,290,37,367,607,1900,19,12,7,19,12,17,3,3,4,11,2,12,10,52,49,100,90,243,272,729,1151,32,81,31,189,47,2,7,3,40,54,42,67,107,52,1,0,56,564,1277,938,768,32,9,1018,395,292,114,229,47,277,316,323,136,261,203,195,367,184,195,400,1105,1567,191,848,23,40,123,66,311,14,15,1,126,36,141,1338,150,3447,2439,3497,14,5987,53,347,315,58,114,552,172,653,176,91,25,34,202,29,503,307,6,2,3,2,5,4,2,53,494,29,569,108,25,126,211,838,139,111,138,423,110,173,38,59,242,113,312,26,116,36,1102,241,407,235,3751,2031,366,869,129,260,159,454,1784,826,973,329,433,228,96,443,437,91,21,82,45,21,30,28,54,19,948,83,97,926,124,89,92,5179,0,5,101277,0,17,41,29,160,54,554,48,46,43,75,10,8,3,4,3,48,94,89,237,199,180,56,37,1,14,8,5,25,6,9,5,0,24,866,60,79,17,4,348,399,9,0,3,7,2,3,29,12,91,12,1,0,6,30,9,15,4,1,25,2,17,59,16,1,15,14,0,10,32,3,24,65,171,0,19,7,6,2,54,78,1,3,0,10,24,13,5,283,21,12,16,15,10,12,6,4,8,6,1,0,2,0,0,18,0,5,8,7,3,0,22,17,4,109,118,55,69,21,26,3,9,3,3,5,4,42,99,3,9,5,18,10,2,4,5,10,250,559,14,7,2,4,5,4,10,45,46,1,3,10,3,10,11,14,54,86,196,57,6,2,0,2,4,0,3,3,0,15,248,23,4,64,78,84,14,8,106,72,113,17,15,146,23,329,150,30,110,6,100,79,30,133,39,45,50,135,93,81,25,169,323,344,876,450,43,385,2,58,230,281,324,101,118,115,399,211,61,186,69,86,251,55,1875,706,1316,4468,2489,181,179,119,2543,549,1194,1322,878,789,10,13,100,20,30,14,45,35,12,71,57,82
PHE_2,2019-01-04 12:00:00,431,15130,4683,5278,141,236,83,3638,145,72,17,11,8812,1466,0,0,0,1,278,198,107,62,2285,10,916,6562,607,489,724,72,714,1945,4280,49,13,7,65,63,62,8,4,12,18,1,17,38,161,127,325,249,727,739,1931,3479,173,244,116,580,151,17,23,15,179,146,116,282,547,139,0,0,237,2762,6079,4030,4514,73,18,2809,995,830,358,635,214,677,1121,1107,464,873,545,578,1037,676,635,1355,4368,5108,436,2283,55,124,403,226,1057,43,43,2,326,106,342,3322,567,18446,10468,9590,73,8611,165,1187,1079,66,521,1454,389,1569,419,250,86,131,822,105,1849,1103,24,3,11,11,22,4,4,150,1511,80,1586,305,58,330,762,5477,710,389,596,1351,326,474,98,159,657,290,1182,58,465,68,2915,848,1146,337,9279,4797,890,2381,416,626,465,1152,5360,2337,3241,966,1365,727,235,1116,1453,235,86,348,158,118,84,77,192,19,2903,240,274,3879,529,949,249,2997,0,21,39834,0,21,143,132,609,90,1442,231,155,129,259,15,10,2,3,8,151,463,142,625,603,755,182,125,21,40,35,7,85,30,28,29,3,54,2885,290,372,50,16,1314,1502,33,4,21,12,1,9,60,32,214,19,0,2,28,81,44,95,9,16,102,7,112,144,35,3,70,60,10,15,69,42,96,258,1150,5,39,43,12,7,151,327,1,14,0,24,65,27,16,1077,47,54,44,54,13,66,7,35,84,145,0,3,4,0,0,40,1,15,1,70,35,12,84,43,9,213,308,128,172,42,63,7,29,6,17,29,16,163,514,2,7,10,248,24,10,5,13,23,698,1146,47,18,16,24,19,16,27,211,76,11,10,16,14,17,26,41,197,328,1386,253,19,9,0,9,12,2,23,24,15,48,945,117,11,243,127,169,20,35,478,246,304,61,45,338,95,570,207,73,283,47,373,202,97,370,178,91,122,556,274,253,89,246,572,890,2477,1038,76,1309,37,281,741,606,868,394,354,430,965,657,175,407,268,280,945,176,4594,1622,3276,10163,5480,354,313,458,6449,1470,3584,3112,3425,2259,31,33,242,73,66,40,114,79,0,96,162,389
PHE_3,2019-01-04 00:30:00,230,9330,3395,4246,126,118,33,2298,104,44,10,7,4866,1062,0,0,0,0,110,68,67,24,1913,10,471,3673,376,393,500,49,628,1941,5716,48,17,3,26,24,27,2,1,1,2,1,6,14,87,83,236,172,502,561,1152,1817,118,74,80,370,95,3,12,13,64,89,101,154,198,73,0,0,75,782,1681,1193,1008,50,5,1657,580,506,163,323,66,401,623,554,303,456,352,343,608,336,315,610,1651,2770,326,1432,41,52,215,76,501,17,21,3,204,63,206,2324,328,6168,4263,5923,32,9741,96,654,601,60,156,854,275,953,222,178,38,75,357,31,747,479,5,0,5,1,2,1,0,118,999,56,799,140,22,207,441,1660,308,196,350,615,155,312,77,131,358,141,520,40,131,69,1820,463,739,269,6533,3514,665,1446,235,507,344,715,3059,1313,1576,464,756,390,172,735,785,96,39,160,72,40,54,40,102,35,1818,174,149,1684,189,157,136,4067,0,13,79040,0,38,49,42,262,71,966,79,67,73,98,11,4,2,1,2,42,131,124,286,316,388,128,86,10,20,12,10,30,16,20,10,1,19,1110,195,147,12,1,501,604,18,3,11,10,3,5,30,18,165,9,2,0,13,30,13,52,2,7,56,8,31,82,12,4,20,25,3,13,49,7,55,134,493,0,21,12,6,3,54,105,1,5,0,11,31,4,4,484,26,11,26,28,6,21,1,3,5,4,0,0,1,0,0,15,1,1,0,7,7,5,25,8,6,149,206,84,113,29,45,0,5,3,2,11,4,77,97,1,6,2,17,16,2,5,3,12,762,1418,46,8,6,16,4,2,27,99,46,1,5,8,3,8,9,16,97,116,297,57,6,1,0,0,2,2,18,9,9,21,385,41,6,76,117,113,13,11,172,73,160,18,15,212,66,597,222,99,164,20,178,80,42,248,55,58,58,264,135,133,52,251,538,489,1465,761,50,871,12,127,376,453,716,225,197,158,721,406,89,355,141,137,368,120,3576,1194,2479,7972,4412,396,274,141,4417,797,1953,1999,1580,1043,18,14,135,36,45,29,80,63,23,150,90,128
PHE_3,2019-01-04 12:00:00,476,18554,5292,6141,145,289,86,4527,158,93,24,13,10772,1522,0,0,0,1,369,214,142,83,2170,13,979,7287,620,520,653,61,867,2189,5239,65,26,13,98,68,49,17,8,16,28,2,22,55,198,129,391,299,736,820,2082,3977,166,209,143,648,175,19,42,38,202,142,130,288,659,175,1,0,267,2746,6082,4103,5724,104,29,2883,1106,756,369,711,231,748,1141,1161,487,924,573,595,1052,696,704,1480,4726,6096,466,2582,68,121,441,235,1181,57,31,6,410,145,357,3080,702,21835,12282,10513,99,7014,139,1326,1105,125,455,1918,428,2136,462,282,86,138,986,98,1968,1295,45,13,19,14,52,13,8,201,1680,115,1774,327,74,338,724,4713,653,362,538,1430,340,572,120,213,754,347,1488,84,561,93,3224,956,1331,345,10053,5184,1053,2673,452,680,436,1146,5383,2626,3767,970,1546,753,218,1069,1432,311,92,329,225,117,88,100,223,44,3100,286,314,4204,611,1169,275,2333,0,8,45006,0,78,180,169,714,117,1571,242,189,133,292,22,30,30,11,16,170,511,159,697,708,720,182,138,19,53,40,8,89,39,34,19,4,57,3175,342,408,58,18,1387,1565,26,5,26,18,5,17,64,26,189,28,4,1,59,74,57,110,10,20,173,10,124,148,34,16,64,71,23,18,79,54,128,287,1359,3,54,54,18,20,200,362,1,20,0,52,86,34,20,1339,63,42,77,66,10,74,16,184,710,969,3,2,20,0,1,55,8,27,2,93,21,15,54,50,14,285,401,155,144,59,67,14,40,18,31,51,19,154,631,7,8,13,278,62,12,15,17,31,852,1292,56,24,25,28,46,19,40,198,81,16,8,19,18,30,29,59,191,362,1293,205,42,7,0,7,17,6,38,30,20,63,1099,158,28,328,169,228,30,34,568,301,329,95,33,297,85,451,216,94,284,56,422,217,120,410,209,137,127,655,313,266,93,231,624,1049,2474,1098,74,1317,32,308,891,723,942,421,346,524,914,644,154,498,303,375,1242,157,4708,1756,3283,10143,5559,397,374,531,6850,1680,4086,3466,3228,2468,28,44,277,105,81,67,148,116,4,106,225,454
CONTROL_3,2019-01-04 00:30:00,332,7077,2060,2361,61,140,58,2589,102,48,6,2,3076,501,0,0,0,1,107,99,67,36,1367,17,539,4043,383,316,368,60,584,3639,10570,71,18,4,35,31,29,4,1,3,5,1,11,17,110,79,188,159,375,450,1105,2153,123,99,50,274,103,3,21,16,100,93,86,240,354,118,0,0,114,1198,2742,1884,2346,94,16,2107,739,451,208,342,95,421,548,544,242,417,292,301,625,308,336,683,2215,2577,306,1704,52,69,225,90,750,29,33,3,215,88,200,2499,460,10123,5947,7813,48,7832,115,1001,890,55,1208,1370,265,1290,198,118,41,66,367,80,934,644,16,4,9,3,8,1,1,115,989,35,997,214,39,200,436,2755,364,203,314,841,168,244,60,108,454,227,740,39,291,57,2080,724,890,448,7393,4205,912,1734,193,403,338,795,3719,1685,1827,514,752,333,115,633,891,151,55,159,119,75,70,58,130,20,1822,124,182,2641,346,380,186,4767,0,12,61669,0,24,54,66,367,67,828,103,98,87,151,12,6,1,2,5,87,226,119,486,415,317,113,80,9,38,21,7,48,12,15,10,0,38,1586,149,213,18,2,740,705,15,3,15,7,3,9,37,19,255,28,2,0,18,33,18,51,2,5,48,5,73,93,14,1,46,31,7,10,51,11,80,228,1289,1,34,24,3,4,93,151,4,6,0,15,42,16,6,763,33,27,34,31,8,37,4,97,257,452,1,0,0,0,0,28,0,5,0,15,6,7,31,16,2,155,245,92,89,45,36,2,21,4,8,26,10,81,195,0,4,8,94,21,4,4,5,13,1667,2629,36,17,12,11,8,7,24,128,81,7,8,16,11,16,19,27,105,88,312,65,7,4,0,2,8,0,13,13,9,29,419,69,3,125,102,110,17,17,168,95,148,22,19,158,51,410,201,42,252,25,224,111,79,246,70,53,51,225,141,149,46,118,363,542,1281,536,52,678,23,171,492,447,512,148,250,223,583,351,70,280,146,189,503,81,2730,1072,2018,7146,3779,295,287,297,5185,1051,2217,1754,2335,1194,26,13,133,36,60,24,59,65,24,227,89,266
CONTROL_3,2019-01-04 12:00:00,461,11648,3400,4092,95,192,52,4082,115,53,11,6,7167,937,0,0,0,1,138,83,88,44,2141,14,891,5097,524,376,481,60,693,1699,3816,37,7,11,44,35,43,8,5,4,19,8,9,37,91,93,244,215,489,538,1608,3295,107,267,91,467,138,5,33,14,120,118,97,189,404,155,0,0,129,3113,5835,4040,5387,145,13,2680,807,531,395,590,199,810,971,975,321,564,470,399,726,480,541,1200,3135,3317,656,1913,38,101,252,181,1054,38,25,3,300,75,227,2642,322,11640,6040,10855,54,10704,170,1175,1027,182,276,1852,262,2230,310,136,57,92,740,60,1282,752,19,2,16,10,18,4,1,150,1358,80,1349,358,74,219,586,3979,478,255,412,1026,221,341,71,158,587,244,1009,37,539,48,2833,795,1050,854,8532,3742,788,2187,263,511,357,1004,4691,1800,2957,764,1237,549,176,998,1001,216,70,263,160,137,67,76,171,20,2232,187,264,2928,462,610,210,1815,0,3,39981,0,24,102,122,533,60,1715,216,104,84,205,44,13,1,1,7,130,424,217,488,511,469,102,149,9,32,36,6,96,28,40,21,0,40,2244,146,204,69,9,959,954,46,1,13,4,1,8,35,10,364,24,1,3,30,40,37,101,2,15,101,3,74,118,10,3,52,33,4,14,45,33,85,123,541,1,31,16,14,6,222,310,6,14,0,18,34,18,15,1001,39,26,42,42,14,42,2,8,6,6,0,0,1,0,0,51,1,9,3,29,18,5,37,36,4,242,380,173,164,131,66,3,23,1,12,31,8,141,383,1,11,9,150,36,2,3,7,25,661,1129,36,10,17,15,13,17,46,200,146,11,11,29,14,25,22,28,108,147,390,84,6,3,0,6,8,2,11,14,6,29,695,88,4,177,100,133,14,15,328,227,248,52,22,247,53,487,297,70,239,41,269,129,73,302,143,97,82,303,174,212,59,207,644,868,1999,864,117,877,22,231,533,589,561,260,262,323,803,504,147,324,194,218,712,114,3055,938,1780,7540,4648,302,506,421,5305,1351,2985,2651,2161,1911,25,30,203,53,71,34,92,60,16,134,107,426
BENZ_1,2019-01-04 00:30:00,447,9175,2886,3244,101,171,50,2549,95,46,12,0,8286,1584,0,0,0,1,188,124,99,44,1482,4,601,4518,417,450,526,49,801,1305,3748,26,8,5,29,40,35,9,6,3,11,0,9,25,76,95,245,173,538,736,1717,2540,127,162,101,362,114,2,17,10,97,143,120,309,302,140,2,0,161,2016,4161,2746,3051,118,12,2460,858,585,210,465,134,665,936,920,418,640,570,455,806,430,389,832,2458,3304,605,4430,92,81,333,123,710,25,23,3,266,83,304,2956,388,9242,5855,6935,37,7033,90,688,665,160,1144,1121,280,1510,249,190,42,130,466,83,1108,658,15,6,3,4,9,2,4,141,1087,96,1166,222,51,212,556,2746,503,336,512,1523,369,447,69,118,516,224,2145,57,261,90,2591,655,816,248,5959,3389,598,1533,347,580,428,999,4331,1454,2055,557,785,485,212,823,935,160,60,217,147,73,88,71,146,35,1855,173,180,2255,316,245,180,4128,0,5,56001,0,30,80,70,436,127,1019,93,116,100,129,25,8,2,0,4,105,349,151,401,430,498,113,83,12,11,20,4,55,16,18,14,0,45,1753,106,226,42,0,822,918,14,5,26,19,3,8,19,25,204,14,0,0,21,49,22,79,5,11,59,2,52,100,8,6,25,25,8,1,39,19,80,180,521,2,22,10,14,4,152,151,0,12,0,27,36,16,9,205,17,21,32,47,25,66,6,180,455,721,5,5,1,0,1,15,0,3,2,18,13,8,44,22,4,231,341,136,134,44,54,5,12,11,8,22,8,87,197,1,5,6,70,25,1,1,5,13,489,973,43,15,8,13,7,16,23,134,53,5,7,11,9,17,15,18,92,128,380,66,8,4,0,0,12,1,10,8,9,23,466,49,3,159,129,144,18,14,196,117,162,39,29,161,84,586,244,96,299,27,184,107,81,283,74,83,115,249,179,157,63,213,545,628,1694,778,65,387,24,156,536,561,679,273,246,231,714,452,100,332,158,156,458,157,2904,996,1979,7024,3820,409,261,272,4808,1207,3034,3234,1773,1675,30,29,173,39,62,45,124,117,36,268,120,299
BENZ_1,2019-01-04 12:00:00,1009,29923,9717,11596,338,424,96,7129,289,166,23,13,14266,2440,0,0,0,3,512,273,228,54,7314,17,1492,10588,982,929,1213,145,2642,11243,25488,225,47,6,105,87,81,12,9,12,22,2,15,71,234,385,589,472,1422,1467,3500,5855,294,375,272,1144,244,21,39,21,358,257,317,732,1275,263,3,0,394,4749,10634,6599,6372,185,29,4852,1658,1229,737,1120,339,1247,1987,1905,869,1514,1059,989,1740,1003,895,2025,6378,7818,995,5642,171,229,734,339,2500,86,67,4,594,169,561,6473,867,24983,14570,23519,112,33544,272,3591,3090,140,703,2612,984,3836,559,341,85,199,1993,156,2948,1945,31,12,13,9,40,11,2,311,3418,220,2946,460,120,550,1373,4848,728,401,711,2409,452,1201,181,338,1259,431,1739,101,575,152,6939,1359,2169,919,23417,11815,2392,5684,632,1464,1032,2457,9338,4166,6241,1690,2588,1365,438,2449,3212,333,165,648,285,172,155,128,312,62,5991,484,497,7292,1167,1582,423,3517,0,59,74100,0,129,179,193,786,145,4425,326,214,204,471,64,21,4,5,11,166,1237,601,1128,974,1033,276,172,16,55,34,10,137,44,51,37,2,71,3315,645,542,83,13,1968,2001,47,8,33,15,6,19,95,50,336,35,1,0,34,97,71,125,6,27,155,28,298,354,49,12,93,86,22,34,126,53,190,756,3835,3,54,46,19,11,255,459,3,16,0,31,79,37,27,1579,88,41,89,80,34,122,21,16,12,17,1,2,5,0,0,48,2,8,2,79,36,19,115,78,10,478,860,291,359,162,73,9,21,12,18,39,23,207,591,5,29,15,284,70,10,12,14,41,3885,6022,92,25,27,42,25,24,79,436,381,23,12,40,24,53,60,60,268,303,855,158,32,11,0,3,19,5,33,21,24,58,1405,189,6,377,202,309,44,48,625,292,400,75,50,712,161,1053,471,182,442,67,731,317,153,677,280,237,170,721,549,383,133,582,1743,2054,4990,2235,152,3231,59,466,1286,1316,1730,779,517,589,2164,1310,323,1198,349,410,1904,308,10193,4022,7405,26255,14813,990,739,680,16182,2492,6094,5844,5434,3730,36,33,464,91,137,82,216,188,90,481,329,670
CONTROL_1,2019-01-04 00:30:00,361,6778,2137,2425,67,167,56,2797,90,61,10,11,3113,545,0,0,0,2,142,86,84,42,1392,16,634,3985,374,348,372,43,598,3291,9834,68,25,4,41,35,26,7,3,3,7,2,4,22,94,81,230,154,376,504,1222,2225,103,131,58,305,109,3,17,8,101,114,87,222,347,130,0,0,125,1436,3159,2209,2677,92,8,2404,805,495,206,426,118,444,566,617,280,488,313,340,599,356,340,656,2343,2635,349,1569,49,83,230,115,826,33,24,3,231,84,256,2595,547,10936,6416,8018,46,8578,94,945,877,82,988,1553,282,1299,217,154,48,83,382,69,929,633,15,4,9,2,11,4,1,111,979,44,1008,223,37,200,481,2781,433,249,387,984,200,301,76,127,492,287,719,46,314,71,2062,808,896,328,7234,4010,875,1635,233,391,334,776,3732,1621,1847,533,740,360,131,628,840,136,35,204,127,94,81,60,136,28,1713,109,192,2581,365,394,190,5113,0,10,52084,0,23,79,79,400,71,886,129,111,66,137,16,7,4,4,4,109,237,168,444,434,373,131,94,16,28,14,3,57,15,15,7,0,54,1804,172,212,32,2,761,788,19,2,13,2,3,12,32,14,233,26,0,0,14,40,31,60,1,6,59,4,52,115,18,1,34,32,5,13,35,20,62,228,1079,1,18,20,7,2,128,129,4,20,0,28,35,20,17,824,46,10,38,31,3,37,1,16,20,46,2,1,2,0,0,30,1,4,0,28,7,9,25,35,0,150,276,98,111,32,33,6,12,12,9,24,5,121,228,5,2,9,81,17,2,1,12,16,1524,2380,22,10,11,13,9,11,14,137,89,12,9,11,9,11,20,32,142,117,309,51,14,5,0,3,10,1,13,5,6,24,463,71,6,112,114,117,11,23,191,113,177,41,24,210,65,500,217,49,311,23,164,140,68,279,95,65,60,261,145,159,59,119,356,518,1287,542,70,645,12,169,492,526,568,193,253,270,590,404,86,268,165,200,445,96,2811,1053,2116,7359,3930,261,270,304,4783,1083,2315,1860,2254,1357,18,14,168,45,80,21,73,65,25,213,132,282
CONTROL_1,2019-01-04 12:00:00,575,11758,3692,3871,114,161,63,4189,113,69,18,11,6144,1133,0,0,0,0,185,122,119,58,2870,13,929,5014,527,394,579,63,728,3380,6060,63,7,4,65,48,57,9,6,7,30,3,15,43,123,140,264,236,604,850,1756,3531,137,260,121,526,136,5,29,8,123,133,159,249,488,142,1,0,149,2750,5508,3508,4301,144,20,2457,842,518,432,532,187,938,1007,1119,424,654,613,579,926,450,555,1100,3195,3721,721,2162,60,132,328,169,1018,54,43,3,282,117,306,2660,391,11046,5905,10957,45,11833,171,1448,1320,186,256,2178,369,2454,282,168,56,109,816,63,1207,779,24,5,12,6,22,4,2,180,1518,116,1264,393,58,252,611,4161,608,353,547,1102,249,418,95,197,626,240,887,65,408,76,2804,845,1109,1098,8853,3729,936,2150,328,620,443,1157,4966,1802,3216,930,1176,612,258,1117,1259,228,71,359,131,127,87,83,145,40,2309,244,401,3503,622,712,209,3124,0,10,30856,0,39,107,85,502,78,1804,215,116,120,196,52,3,2,3,6,95,394,264,483,518,544,168,136,22,41,34,3,105,20,33,27,3,63,2097,260,240,72,7,1074,1017,51,7,19,11,1,11,43,17,302,36,2,1,36,57,40,88,2,16,98,3,141,186,35,3,35,46,3,13,42,30,118,237,1152,3,23,18,13,7,257,319,2,19,0,31,74,22,14,1049,44,36,43,46,11,48,5,8,13,8,0,0,3,0,0,41,1,15,3,52,23,4,46,33,12,343,420,207,153,160,80,11,9,4,17,18,12,142,395,4,11,3,211,28,7,12,8,26,1183,1673,62,15,20,24,11,20,40,227,214,11,4,21,18,23,36,32,118,146,412,90,14,5,0,3,22,3,17,7,13,36,555,113,8,219,122,154,20,21,309,208,207,65,38,274,60,676,351,104,280,45,298,155,87,373,158,83,100,334,259,177,72,251,733,889,2008,977,109,1043,21,213,524,744,732,351,262,374,986,612,202,385,139,229,734,140,2971,1018,1785,7589,4709,467,611,374,5509,1294,2864,2551,2294,1928,34,22,214,66,93,56,97,87,10,115,160,469
